song_id,title,artist,album,genre,release_year,language,duration_sec,popularity,explicit,tempo,key,time_signature,energy,danceability,acousticness,instrumentalness,liveness,valence,loudness,speechiness,mode
10000,SongC,ArtistA,AlbumY,Pop,2017,English,234,90,No,0.0694076171665928,5.253443526170799,3.9669421487603307,-0.015518296682965789,-0.029898338952671168,-0.05835275256994896,-0.08811728329789843,0.0006033664193122979,0.07664934170706764,0.06944181271436,0.02079970508033181,Minor
10001,SongD,ArtistC,AlbumZ,Pop,2013,English,252,60,No,0.08526567832246172,5.476744186046512,3.947674418604651,-0.12981253201891524,0.03046610766269728,0.006419826365089733,0.021221526226372193,0.048179436770885986,-0.0503398923646564,-0.03084339808888291,-0.04197759847309177,Major
10002,SongB,ArtistA,AlbumZ,Pop,2016,Hindi,178,22,No,0.07136885140938702,5.446745562130178,3.9467455621301775,-0.01952294955412112,0.011193240066651568,0.034865995579954775,-0.07642578976923481,-0.020357960910489737,0.03588094837550687,-0.08631320497865053,0.021140323868346717,Major
10003,SongB,ArtistB,AlbumZ,Pop,2023,English,207,15,No,0.0866641196146209,5.604166666666667,3.994047619047619,-0.026542847481660612,-0.011533436959414986,0.11321317012588974,0.030608762828220913,0.03229883916617052,-0.03622562904927759,0.027142883696851552,-0.06760911695317659,Major
10004,SongB,ArtistA,AlbumY,Rock,2018,English,227,15,No,0.07676615993415493,5.086021505376344,3.9516129032258065,-0.08598014659913117,0.041614626489256554,-0.0390685851925403,-0.054480578460763054,0.06859006932991783,-0.026932838050674715,-0.058776331489758755,0.0711099219818293,Major
10005,SongC,ArtistA,AlbumY,Pop,2020,English,218,19,No,-0.008915500397438303,5.539156626506024,4.0,0.040913147493857875,0.02340336309772789,0.05081673009531803,-0.08928719709178526,-0.01989746034041727,0.015794886004345973,0.0040355305775596545,-0.003573430064827401,Major
10006,SongA,ArtistB,AlbumZ,EDM,2018,Spanish,211,35,No,-0.026661522934357185,5.5041322314049586,3.9338842975206614,-0.03250579268643178,-0.0753624081870397,0.014950586214042594,0.013059663728396174,-0.09296322533251028,-0.06633533878987698,0.06793110419879783,0.01658467642982473,Major
10007,SongA,ArtistB,AlbumZ,Rock,2016,English,223,29,No,-0.036621398956906616,5.748633879781421,3.9617486338797816,0.00877327935931027,0.05832277416677198,0.029211157346119426,-0.0009305051646609051,0.05786376536560088,0.07488631400885591,-0.03245166627340688,0.015780893012378203,Major
10008,SongA,ArtistB,AlbumY,Rock,2020,Spanish,246,75,No,0.03418612179494838,5.609195402298851,3.9022988505747125,-0.049219813094675324,0.012214248651846577,-0.004576253059210993,0.0706179763247864,-0.12708748169094183,-0.051103055063372135,0.05729662531622102,0.06127454299488577,Major
10009,SongA,ArtistA,AlbumY,Pop,2021,English,269,72,No,-0.037598115807438805,5.36578947368421,3.9394736842105265,0.015348302358849078,-0.06608646278462292,-0.01329578766843724,-0.012681077088259494,-0.03682906291118197,0.019244495055163884,0.024084448876643866,-0.00270655572618158,Major
10010,SongC,ArtistA,AlbumZ,Jazz,2019,Hindi,255,35,No,-0.02179692787695707,5.549071618037135,3.946949602122016,0.07822591406339666,0.01619560700390014,-0.011013839150104215,0.009248010824352315,-0.04647465632031921,0.006180008677105159,0.034631018271678214,0.04719588450338005,Major
10011,SongC,ArtistA,AlbumY,Pop,2019,Spanish,147,98,No,0.04911678276563933,5.342318059299191,3.940700808625337,-0.011974855786962918,-0.088443013465373,-0.03065998217761826,-0.02670838218628125,-0.056924199411580605,-0.0282568893719293,-0.009523806100503367,-0.05018633835563414,Major
10012,SongA,ArtistB,AlbumZ,Jazz,2022,English,180,30,No,-0.021800388691923023,5.401197604790419,3.961077844311377,0.0063105536445709,-0.04783389710881536,-0.015092677333267104,0.1091918899761517,-0.0338781117519338,-0.0913157006985767,-0.011589796052990518,-0.046309251183717696,Minor
10013,SongC,ArtistA,AlbumY,Pop,2022,English,235,34,No,-0.04982712807876117,5.5588235294117645,3.961764705882353,0.021681440862766885,0.05474407895910302,-0.03468056557101773,0.039556086144583225,0.017472082828917265,0.025035637082171176,-0.039576128881984265,-0.06172675637971672,Major
10014,SongC,ArtistA,AlbumX,Jazz,2019,English,226,53,No,0.07274918289883509,5.362359550561798,3.952247191011236,0.0380817917385418,0.11063239461032412,0.010587847102197697,0.011944181724439638,0.057780218918073945,0.014209491114998574,0.055164245770977886,-0.08057151971443587,Major
10015,SongC,ArtistA,AlbumY,Pop,2015,English,196,12,No,-0.0523817025646657,5.563076923076923,3.9446153846153846,-0.04316737652559947,-0.010378199985541516,-0.021052858047777706,0.04525672249394998,0.034120742859753396,0.013838194301673002,-0.07847175837674064,-0.11033179383471599,Major
10016,SongA,ArtistA,AlbumX,Pop,2016,Spanish,240,18,No,-0.04114357297571372,5.601092896174864,3.9508196721311477,0.06984264017308182,-0.08382804637242094,0.12353831035387947,-0.020888713018204635,-0.03701843721775736,-0.04978305890592914,-0.057707101951843066,0.021038123817234525,Minor
10017,SongD,ArtistA,AlbumY,Pop,2010,English,192,33,No,-0.06032877103436499,5.320916905444126,3.945558739255014,-0.05894661192146675,0.07017641180523713,0.002108026983636483,-0.018422429450657408,0.0532354937744805,-0.05532120541550186,0.05355511201105589,0.07111601802715825,Major
10018,SongC,ArtistB,AlbumX,EDM,2022,English,189,75,No,-0.049513113983855495,5.538461538461538,3.970414201183432,-0.04088893229710815,0.028177331481209544,-0.032987044180061036,0.07112443791276883,-0.020708913371787582,-0.061192240004881986,-0.028125017502201324,-0.019348922544887563,Major
10019,SongB,ArtistA,AlbumZ,Jazz,2018,English,182,72,No,0.016511492921450523,5.270833333333333,3.943452380952381,-0.023026382423821372,-0.07260329865180325,-0.047922033567864855,-0.0015518587396491689,0.019769393065949423,0.031749656527120584,0.09518335666039744,-0.013866227997695353,Major
10020,SongB,ArtistA,AlbumY,EDM,2017,English,183,34,No,-0.018683247244986795,5.640419947506562,3.9396325459317585,-0.07540675163898397,0.004274625665840991,-0.005576620118400002,-0.060844879607641275,0.006649124998708917,0.0270659779932621,0.050302676981530306,-0.014549541814801328,Major
10021,SongB,ArtistB,AlbumZ,Rock,2014,Spanish,187,85,Yes,-0.03851560881525121,5.253012048192771,3.9698795180722892,0.07532568096618823,-0.021544678403100093,0.0992396018661254,-0.05706214198544814,-0.004081360507884773,0.07276781872092118,-0.013692705282437517,-0.0976218208724064,Major
10022,SongD,ArtistB,AlbumY,Jazz,2024,Spanish,160,14,No,0.012456944414149004,5.6502890173410405,3.9104046242774566,0.05259709236890372,-0.09484831473265949,0.03223511057864993,0.042289189110706255,0.06259871722822488,0.019641550167592683,0.026634793877307914,-0.047715362578411566,Minor
10023,SongC,ArtistA,AlbumZ,Pop,2024,Spanish,164,90,No,-0.10571362852478902,5.552,3.944,0.025283559828379945,-0.04888815126368717,-0.04721018418324143,0.045655061646601436,0.01068997446959568,0.006010615897944873,0.06502126040397416,-0.016294624677883205,Minor
10024,SongA,ArtistB,AlbumY,Pop,2022,Hindi,274,66,No,-0.07622555597929115,5.6395348837209305,3.938953488372093,0.08359924892910404,0.022974322981553053,-0.03532332059960934,0.03456681597756931,-0.007177309785945216,0.08388106295430743,-0.001153493132654635,-0.053639296964976414,Major
10025,SongC,ArtistA,AlbumZ,Pop,2013,English,148,27,No,-0.027089473968869987,5.404761904761905,3.943452380952381,-0.04295851713894824,-0.01397132956280265,0.07539963236104458,0.033399142887000466,-0.014833292312787434,-0.08945233599702192,-0.012904748068701002,0.08504122583048854,Minor
10026,SongD,ArtistA,AlbumX,Pop,2024,English,130,18,No,0.004488554185862703,5.556818181818182,3.9545454545454546,0.0015298914985170083,0.013619200487881362,-0.04128872557765427,0.005441605270002648,-0.0473458769997789,-0.09284440572766246,-0.014605248968001182,0.004956810949305764,Major
10027,SongA,ArtistB,AlbumX,Rock,2023,English,231,86,No,0.009336972384478514,5.638586956521739,3.948369565217391,0.03637997756264437,-0.03384998500332383,0.006181790200731411,0.08800446592088981,0.005849324758556993,0.037991044458334754,-0.025039544803919615,-0.08147879631903873,Major
10028,SongC,ArtistC,AlbumX,Pop,2023,English,157,16,No,0.08397025190627405,5.652054794520548,3.956164383561644,0.059807105403445845,-0.057412682603884574,-0.027174809050053633,-0.08875188745410904,0.01648911617824355,0.01524862925269122,-0.040127111592098315,-0.020803181161628385,Major
10029,SongD,ArtistA,AlbumZ,Pop,2016,Spanish,196,50,No,0.08216104394787609,5.689839572192513,3.9572192513368982,-0.038570156791662286,-0.018147536420718466,-0.08742767401855747,0.010645148791288068,0.043423677791621075,-0.03615086358457284,0.02051653625308997,0.05905331323436788,Major
10030,SongC,ArtistA,AlbumX,Pop,2019,Spanish,289,86,No,-0.05356551339659098,5.806547619047619,3.9136904761904763,-0.019633359938932754,0.01274229812255146,0.007902288435759195,0.007108514646921955,-0.03366526693668432,0.028561777008613096,-0.1064504204737449,0.021799552328372836,Major
10031,SongD,ArtistA,AlbumZ,Pop,2016,English,149,71,Yes,-0.04532770123563936,5.722543352601156,3.9826589595375723,0.008783045704797949,0.04352689907403664,-0.07716258499808941,-0.04643852593550284,0.09619200303064514,-0.08798184858765212,0.0066306160945700104,-0.008693005615332948,Major
10032,SongA,ArtistB,AlbumX,Pop,2023,Spanish,164,33,No,-0.0494736407895552,5.404255319148936,3.9468085106382977,-0.0004955742543279489,0.058682566508797857,-0.02082701055369967,-0.020095310363159445,0.06313782308877322,0.02228476850136554,-0.049027227692411586,0.03179580501699172,Major
10033,SongD,ArtistA,AlbumX,Pop,2024,English,163,85,No,-0.0015942963973205027,5.650145772594752,3.932944606413994,-0.016838447267510846,0.007585012802245337,-0.08350430619588185,-0.07992268260551287,-0.012966056972819428,0.07484492842272941,0.12164878373317475,-0.000525772462272184,Minor
10034,SongD,ArtistA,AlbumX,EDM,2022,English,258,44,No,0.09424114816392637,5.647590361445783,3.9156626506024095,0.0713439460685481,0.05147035613715569,-0.05560562847944174,-0.0735658053696186,0.00959385044306292,0.12764811789237304,0.009973475353477855,-0.011462855588987523,Major
10035,SongA,ArtistA,AlbumX,Pop,2017,English,99,73,No,0.06817811116978133,5.684542586750789,3.946372239747634,0.04518522569979266,0.043382374515413144,-0.026260985480458923,0.05600709824110465,0.08446314834212382,0.008367424435690546,0.12436898360933013,-0.005381797814401159,Major
10036,SongD,ArtistA,AlbumY,Pop,2018,Spanish,232,3,No,0.033320692958001115,5.675392670157068,3.9581151832460733,-0.030074339089122094,0.02276274410244724,0.02528612399115029,-0.013382813341870076,0.0290073125699617,-0.02443455438273339,0.037098205450691604,0.019192293951211414,Major
10037,SongD,ArtistA,AlbumZ,Pop,2015,English,229,75,No,-0.02744155609888862,5.320359281437126,3.9760479041916166,0.1496268825968257,0.004777279604554535,-0.02738047936345414,-0.0514079181468311,0.058783244682549085,-0.06113508099885172,0.009735206260219465,0.02250040131952706,Major
10038,SongB,ArtistA,AlbumZ,EDM,2024,English,232,89,No,0.008680495022921694,5.253644314868804,3.941690962099125,0.02914427033175572,0.005805320812013112,-0.028047993090727894,-0.07207484772311222,-0.01233740707997118,0.031933943652322966,0.04003698798693698,-0.05866976668004679,Minor
10039,SongB,ArtistA,AlbumZ,Pop,2018,Spanish,297,65,No,0.05809627137522906,5.432258064516129,3.9548387096774196,0.06611349141529349,-0.006224490165315819,0.08065531020864111,0.029121635111085495,0.010953796245955385,-0.038644719506283357,0.019267868023354215,-0.030254527638681146,Major
10040,SongA,ArtistA,AlbumZ,Pop,2024,English,133,33,No,-0.03330442317700246,5.635097493036212,3.9220055710306405,-0.022730081490826906,-0.008987755774436593,0.03448837309690519,0.014758945893769972,-0.06529135769518644,-0.0343197803394463,0.0017052405246525567,-0.11281417125871132,Major
10041,SongA,ArtistA,AlbumY,Pop,2023,German,183,28,No,-0.0019410173840937442,5.136222910216718,3.959752321981424,-0.003384323255642553,-0.04849235289090955,-0.03932821034715504,-0.0279798568087387,-0.0002357169679008374,0.027484914446754057,-0.02152137813342284,0.06792490659271457,Major
10042,SongA,ArtistC,AlbumY,Pop,2020,Hindi,175,10,No,-0.014922959043275294,5.795389048991354,3.9394812680115274,-0.02671870985113655,-0.11658310493400179,0.02307986115827873,0.05681616572221936,0.06967560838744756,-0.01336479063656231,-0.0570424807729902,-0.024452486089458294,Major
10043,SongB,ArtistB,AlbumX,Pop,2022,Hindi,263,4,No,0.013356663215937004,5.633802816901408,3.926760563380282,0.14709912185798907,-0.0553907429608914,0.04571807310587791,-0.08321527473360711,-0.0488031958268862,0.05048914372156314,-0.01028375981915948,0.0871695787200196,Major
10044,SongD,ArtistB,AlbumX,Pop,2018,Spanish,232,70,No,-0.009056666142384682,5.419889502762431,3.972375690607735,-0.08160190183465885,0.08780049184662715,-0.07090129569347293,-0.019248973491881052,0.04962608387253884,-0.013324268058340104,0.08510884332974464,-0.006293158008712846,Major
10045,SongB,ArtistC,AlbumY,Pop,2016,Spanish,128,43,No,0.08448162466845932,5.696,3.952,-0.0006145525582433518,0.022996998320762227,-0.034270633929111914,-0.033307077701798526,0.03322537803620158,0.03920885202297729,0.03670730442412828,0.0342011249294204,Minor
10046,SongC,ArtistA,AlbumX,Pop,2021,English,140,35,No,-0.06314834425377659,5.269662921348314,3.957865168539326,-0.03525667043875909,-0.014203985330164703,0.005608545942967063,-0.01887642803076416,-0.03252058903238859,0.03316505726705288,0.02411823850937559,-0.0784042878508692,Major
10047,SongA,ArtistB,AlbumX,Pop,2022,English,220,56,No,0.057050489522585776,5.2,3.955223880597015,0.0636796274389133,0.04270928957286576,0.062037200455811646,0.1082806705234815,0.004654796657813733,0.026496852234677418,-0.03458811177443117,-0.0031623207102145588,Major
10048,SongD,ArtistB,AlbumY,Rock,2024,Spanish,290,40,No,-0.014606298460187213,5.6112676056338024,3.943661971830986,0.05591930531538256,0.05959053892066628,-0.017207871280605806,-0.0032815614056952176,-0.0490562386882446,0.09674997776485092,-0.08723874644072095,-0.016621171126401785,Major
10049,SongA,ArtistA,AlbumX,Pop,2024,English,186,61,No,0.0188182041904244,5.5380577427821525,3.916010498687664,-0.006487433869935914,-0.0748491523728935,0.08179086108749414,0.027775700456350482,-0.012385848640363217,-0.05162303588106521,-0.06027862738791902,-0.02687894167781231,Major
10050,SongA,ArtistA,AlbumZ,Pop,2019,Spanish,280,37,No,0.016908517535843392,5.49597855227882,3.959785522788204,-0.0036835546435461195,0.03297002787861913,-0.09935133756396038,0.07040545351012732,-0.02381931049399063,0.015291682329386696,-0.019149544604978988,-0.019054874642991822,Major
10051,SongB,ArtistA,AlbumX,Jazz,2020,English,127,18,No,-0.08468441122261595,5.459627329192546,3.953416149068323,0.08440389540019022,0.02685278453840875,-0.025591532128873353,0.06028397923703958,-0.11161170960794739,-0.047558642579320076,0.08580290156382304,-0.016031414703380584,Major
10052,SongB,ArtistC,AlbumX,Rock,2024,German,273,7,No,0.014334630949650628,5.438172043010753,3.935483870967742,-0.007460118735242799,0.012781861826437632,-0.10553165567881898,0.04877440933349413,-0.037845719611568324,0.05577271370526016,0.08034174465618833,0.06260136647838409,Major
10053,SongB,ArtistA,AlbumY,Pop,2023,Spanish,177,84,No,0.041264431563009615,5.777777777777778,3.9327485380116958,0.0632715960797565,0.04612049602012873,0.08187256913983947,0.08185650224113088,-0.06611452279511669,0.04920994406530428,-0.029492215888192022,-0.008485314854231624,Major
10054,SongD,ArtistB,AlbumZ,Pop,2012,English,196,24,No,0.09726269216884337,5.864788732394366,3.923943661971831,0.02471175314126213,0.015872307787975427,0.012159297047159847,0.045318637644863255,-0.04311925845201435,0.004973246529573317,0.04974982976650016,-0.003485069340369555,Major
10055,SongA,ArtistA,AlbumZ,Pop,2015,English,208,90,No,0.037054225730458905,5.710982658959537,3.9566473988439306,-0.06719788905791896,-0.02572070405642484,0.021391236015294676,0.04644492249750696,0.04426110857977861,0.015181210562847627,-0.04005054506039396,-0.11469665834595857,Minor
10056,SongB,ArtistB,AlbumZ,Rock,2016,Spanish,153,35,Yes,0.0501022220936719,5.163987138263666,3.9710610932475885,-0.03388570515657755,-0.035370702840047515,-0.07956848573006826,0.029270144434372033,-0.00041655381596211754,0.047236821132823195,0.01788954427142392,0.00428963969882851,Minor
10057,SongA,ArtistA,AlbumY,Pop,2023,English,184,6,No,-0.056749941710315825,5.3372434017595305,3.932551319648094,0.03028398755407608,-0.0387422336110166,-0.08297542259643233,-0.02465367501816911,-0.07128833858379012,0.14125343149238911,-0.048470669819229546,0.010270607125535956,Major
10058,SongD,ArtistC,AlbumX,Pop,2019,German,264,34,No,0.011118440250685799,5.299145299145299,3.9686609686609686,0.07478783294884121,0.03102002281717396,0.007537871051608895,-0.08373505955176432,0.03470558013986877,0.07143032598429773,-0.0006212500130070871,-0.057958314725747334,Major
10059,SongD,ArtistA,AlbumZ,Pop,2022,English,241,5,No,0.05298201429039204,5.240793201133145,3.9943342776203967,-0.01529096755241496,-0.05997802170912454,-0.037530415467978855,-7.770769121216183e-05,0.156557736575456,-0.03420382573034948,0.0037752137165501286,0.02130227575374185,Major
10060,SongB,ArtistA,AlbumZ,Jazz,2022,Spanish,180,65,No,-0.044554180937314516,5.213855421686747,3.9819277108433737,-0.011091730532283184,0.027317758106789252,-0.06890183930580374,0.017969416444369335,0.017652413194405244,-0.058450104589249714,-0.029103964058176272,-0.04592163166230955,Major
10061,SongB,ArtistA,AlbumX,Classical,2013,English,185,72,No,-0.05845070429752138,5.383233532934132,3.946107784431138,0.003439764372020411,0.019480278766109204,-0.030950654821157688,-0.06399708742492857,0.02860350399177158,-0.0414998325425049,0.12581111425774855,-0.002342704925245908,Major
10062,SongB,ArtistB,AlbumX,Jazz,2010,Hindi,245,92,No,-0.02491171892464816,5.580381471389646,3.956403269754768,-0.06527013283452264,0.03387723149232478,0.02624175570138782,0.04724840506302469,-0.07757034604418189,-0.044731581118103964,0.05830989960078106,0.025560068091837827,Major
10063,SongC,ArtistB,AlbumY,Pop,2024,English,263,31,No,0.05798823338155213,5.228571428571429,3.9714285714285715,0.01978036177752123,-0.024916705013510756,-0.07939191617090614,0.016133819490298018,-0.030793021203634488,0.00965266616146401,-0.0396486313205052,0.054134977616907096,Major
10064,SongB,ArtistB,AlbumZ,Pop,2014,Spanish,173,58,No,0.08146470786969333,5.516819571865444,3.926605504587156,-0.09368571416766211,0.037598096489958606,-0.002355868250389921,0.03302181888308595,-0.021882455116051098,-0.015872413825937667,-0.013217704125090678,0.08210085383110313,Major
10065,SongA,ArtistB,AlbumX,Rock,2011,English,137,78,No,-0.03712390322310026,5.636887608069165,3.9279538904899134,0.002470320646532639,-0.012095063221554195,0.014708376289225127,0.01272082065418598,0.0040179199675936215,0.0523381596792872,0.07429727768035983,-0.08879651507560517,Major
10066,SongB,ArtistA,AlbumZ,Pop,2022,English,196,26,No,-0.02500843352276691,5.560117302052786,3.9530791788856305,-0.11574828345328109,0.05852780812762967,0.0041172464380164,0.06145618168936678,0.13827313688029358,-0.03962060212515204,0.0700569964980457,0.02814439984693936,Minor
10067,SongC,ArtistA,AlbumY,Classical,2018,English,256,53,No,-0.01879376068420904,5.516483516483516,3.958791208791209,-0.008027675142777359,0.03485461280329178,-2.6680129815563903e-05,-0.10426784546651324,0.011587713246246486,0.02754016728828156,0.03662344109799914,0.031044512964983825,Minor
10068,SongC,ArtistA,AlbumZ,EDM,2022,English,224,42,No,0.030830333924470862,5.30945558739255,3.9598853868194843,0.029623974139943846,-0.01059224310360876,0.1109483716096186,-0.009079828236524087,0.06002833019609307,-0.013282998716774413,0.1099422838679899,0.11663156854792352,Major
10069,SongD,ArtistB,AlbumX,Pop,2021,English,235,82,No,-0.06080461404585503,5.315508021390374,3.9598930481283423,0.038985271364639286,0.07787128704144451,0.11357795245391078,0.02224235935429663,0.036951533798049746,0.026463960424431325,0.02403779307116363,-0.018056050984123356,Major
10070,SongC,ArtistA,AlbumY,Rock,2024,English,143,43,No,-0.1372128454247906,5.279503105590062,3.972049689440994,0.09789216296495386,-0.026554584361663556,-0.09836332310101525,-0.020960231712277733,-0.027144481313186558,0.044894946353383876,0.01804878231050339,-0.03122206494143915,Minor
10071,SongA,ArtistA,AlbumX,Pop,2024,English,210,69,No,-0.0795023242002674,5.547008547008547,3.9515669515669516,-0.10397544497412711,-0.06677868336817022,0.0600151251580291,-0.10129672720290693,0.03441938415380099,0.01031827675238691,-0.02892371371354562,0.07681682763332817,Major
10072,SongD,ArtistC,AlbumX,Pop,2021,English,232,33,Yes,0.053009183032391154,5.287917737789203,3.9408740359897174,-0.01170179818920083,-0.10977001931923976,-0.02820994176691777,0.008881032005981546,0.07963490269413516,0.019495523447308358,0.06217246580280422,-0.03333648272310816,Major
10073,SongD,ArtistA,AlbumZ,Rock,2013,English,279,91,No,0.022885272512163934,5.576601671309192,3.9442896935933147,0.031127077296073693,0.08064848995682888,0.011940889110226827,-0.012795853565351605,-0.04047835909405187,0.0649631244574111,0.023657615191304122,0.033482143422211834,Major
10074,SongB,ArtistA,AlbumZ,Pop,2024,Spanish,226,97,No,0.03215496266214115,5.47953216374269,3.915204678362573,0.0136568511921389,-0.04193001274671899,-0.037958962748714804,0.016124561061495943,-0.06362233550800207,0.050676426574369035,-0.012379691169240705,0.06252322805697927,Minor
10075,SongB,ArtistB,AlbumX,Pop,2016,Spanish,216,78,No,-0.09362718717973889,5.47948717948718,3.9307692307692306,-0.07764973859314644,-0.04058804407073585,-0.09500394844000251,-0.021575964707755076,0.01464721685042367,0.01244369837429,-0.050870326086690426,0.08959500469136751,Major
10076,SongC,ArtistA,AlbumX,Rock,2024,English,205,78,No,0.05386210819039397,5.600591715976331,3.9911242603550297,-0.03587972968545761,0.04779945457684392,-0.09181208292533889,0.014572265787144585,-0.020144941806350573,-0.1210047353368121,-0.105866685072309,-0.07258572993601697,Major
10077,SongC,ArtistA,AlbumY,EDM,2023,German,275,21,No,0.042788419351269466,5.253125,3.965625,0.03119115929340018,0.08130866637541742,-0.10456434281294644,-0.006832879898738059,-0.021129335085248547,0.046069069464859655,-0.0034175224750148947,-0.006566737086943078,Major
10078,SongD,ArtistA,AlbumZ,Pop,2013,English,279,57,No,0.040176443736491076,5.7111716621253406,3.983651226158038,-0.03616859277885671,0.05474059551571114,-0.034218677596772495,-0.0012078822273602048,-0.01399683269197623,0.11023233112327085,0.03651178889772938,-0.013494902871732386,Major
10079,SongB,ArtistA,AlbumY,Pop,2024,English,329,9,No,-0.003084898747818066,5.448,3.981333333333333,-0.06735546456166766,-0.062257358151584466,0.06086545416828147,-0.025658522045947207,0.006661215769770803,-0.06847522596279153,-0.00375929396726892,-0.029055336971131687,Major
10080,SongC,ArtistB,AlbumZ,Pop,2022,German,179,84,No,-0.016786575545116013,5.498550724637681,3.9594202898550726,0.009643314311118586,-0.006944203202655775,0.03330408787681099,-0.013278395353212818,0.030556799207359576,-0.013969887988627897,-0.04176853101583778,0.056748641760911996,Major
10081,SongD,ArtistA,AlbumZ,Jazz,2023,Spanish,151,35,No,-0.03778075515014965,5.452574525745257,3.962059620596206,0.08457842762190808,-0.018790949335648066,-0.06627546305209944,-0.059934088701466236,-0.01985900135979647,-0.10585924025957141,-0.01032023201563747,-0.11169082434008808,Major
10082,SongB,ArtistB,AlbumZ,Rock,2017,English,265,65,Yes,-0.03754496401446768,5.641558441558441,3.9714285714285715,0.014140016934865517,0.04934127905522168,0.015927002866176737,0.003550875600091989,0.0440181624510979,-0.039418629527113724,0.03568928880828634,-0.02588248521117382,Major
10083,SongB,ArtistA,AlbumX,Jazz,2015,Spanish,356,30,No,-0.012701989173991318,5.542944785276074,3.9294478527607364,-0.15512999915914,-0.04131527746155958,0.05318502152409977,-0.08578994370876222,-0.05058710641543192,-0.0015682356812924652,-0.051021967215373984,0.07410599844626535,Major
10084,SongB,ArtistB,AlbumX,Pop,2019,English,173,78,No,-0.0364740520469874,5.696476964769648,3.934959349593496,-0.0911542139306089,-0.011733664998624625,-0.013225942700616717,0.04896288737788998,-0.0842771862041029,0.08995770191740995,0.01393566955676753,0.04356411944399396,Major
10085,SongD,ArtistC,AlbumX,Pop,2021,English,192,28,No,-0.028618141890618707,5.505649717514125,3.9745762711864407,0.07887696099474129,-0.019010548601271427,0.07628313584196218,-0.0450213309162211,0.06697679006543958,0.009320876357759977,0.04359325001551647,-0.06554872050960958,Major
10086,SongB,ArtistB,AlbumY,Pop,2021,English,171,26,No,-0.038421986101337346,5.3474576271186445,3.9548022598870056,-0.01774188137076328,0.08257754170364556,0.12618306189389092,0.10017313999420141,0.12093817014505073,0.005183172018538203,-0.045078594519325915,-0.022861548319519455,Major
10087,SongC,ArtistA,AlbumZ,EDM,2022,English,191,95,No,-0.07042412689673337,5.518840579710145,3.9507246376811596,0.023612699746156617,-0.06283908670641465,0.002754894330690806,0.034685455419955595,0.0809946354978988,0.05355789752760993,0.05957063041277253,0.015335784253805952,Major
10088,SongC,ArtistB,AlbumZ,Rock,2020,English,201,11,No,-0.01800129176989033,5.309597523219814,3.975232198142415,0.0017872682090161898,0.004850572960788369,-0.06696273552195386,0.03474995965940114,-0.029548742835567497,0.08794053476287914,0.058101628779485506,-0.055575497672745076,Minor
10089,SongD,ArtistB,AlbumZ,Pop,2019,English,192,86,No,0.1302347447816958,5.449367088607595,3.9335443037974684,0.0013389148136109645,-0.033110376506896064,-0.016120282876878077,0.10842732028789455,-0.009616188835645549,-0.05514282898061607,-0.0660406314384407,-0.03694087278031262,Major
10090,SongA,ArtistA,AlbumY,EDM,2019,English,187,20,No,-0.006273465681601203,5.2395543175487465,3.9610027855153205,-0.015616363563311508,0.0024051859871906953,-0.020219974845045608,-0.024472743291631373,-0.039046843441438266,-0.006284028458764809,-0.02028218539400562,0.020794971161460975,Major
10091,SongB,ArtistB,AlbumZ,Jazz,2024,English,178,74,No,-0.0738468682148193,5.679347826086956,3.9375,-0.08858579099026588,-0.04225789162155489,0.0434161753723991,0.006909893858947237,0.0749652771725678,0.03564932667831467,-0.008221051739666762,0.05482262835988486,Major
10092,SongA,ArtistB,AlbumY,Pop,2018,English,211,91,No,-0.007396152315270039,5.541795665634675,3.975232198142415,0.012723463901405918,0.08831201829222438,0.01337881249296328,-0.11726031596078307,-0.036695218819630164,0.004312672291103742,-0.04160580471448883,0.06001134063457732,Minor
10093,SongA,ArtistA,AlbumX,Rock,2018,English,313,85,No,0.009981744892632165,5.869318181818182,3.9204545454545454,0.022208394995773807,0.026662669081302784,0.041270518092144874,0.03206700239773973,-0.010199851579137166,0.0249353550621174,0.004153684584682065,0.007448896718490707,Major
10094,SongB,ArtistA,AlbumY,Pop,2023,English,220,31,No,-0.012930937243701522,5.519886363636363,3.960227272727273,0.044270312796644395,-0.048869132695458554,0.04847974705892588,-0.09826891700495995,-0.004433314786989045,-0.028679528393418727,-0.06661589728666126,0.027917906875397767,Major
10095,SongA,ArtistA,AlbumY,Pop,2016,Spanish,257,99,No,-0.10303376804438145,5.707395498392283,3.9517684887459805,0.027360914808854234,-0.03223137131047239,0.07941235733507997,0.027052057350881672,-0.05494305071724336,0.07385541558659017,-0.07318005039669345,-0.028366638877173705,Major
10096,SongC,ArtistA,AlbumZ,Classical,2019,Spanish,237,30,No,-0.06084162105642542,5.564102564102564,3.9458689458689458,-0.06898480179199343,0.11610291841730265,0.07915743628622586,-0.017017475390123913,0.0055694424798302545,-0.06603050678536593,0.05865928169450094,-0.006395482719702089,Major
10097,SongB,ArtistC,AlbumZ,Pop,2023,English,256,33,No,-0.010303251667830157,5.563451776649746,3.964467005076142,-0.007791192511280843,-0.07327465538592791,-0.09755941148827013,-0.0022243533921579278,-0.009566393072139499,-0.02860279976746677,0.05827307231175464,0.033828736369412325,Major
10098,SongD,ArtistB,AlbumX,Rock,2017,German,207,11,No,0.1018843811902353,5.697819314641745,3.956386292834891,0.03319967602911544,0.017683613206150965,0.002371968361088564,-0.05620830710879168,-0.0197458456034697,0.034121772023498,0.043737750242514736,-0.08820724483581661,Major
10099,SongD,ArtistB,AlbumZ,Pop,2022,Hindi,175,59,No,0.00902586370922954,5.619178082191781,3.9616438356164383,0.036770166568279736,-0.056765126294228696,-0.01916247939932694,0.006889100190072859,0.04515242950963512,0.015674801564107575,0.009208873701726208,0.08719683829540045,Major
10100,SongB,ArtistA,AlbumZ,Pop,2022,English,251,28,No,0.06218953194254003,5.72020725388601,3.9145077720207255,0.03780009340843806,0.006924900806029775,0.052934397346348624,0.027312618527461845,-0.028270879276055705,-0.007105478572920979,-0.033256039986204355,0.013432633599617098,Major
10101,SongD,ArtistA,AlbumX,Pop,2022,Spanish,259,54,No,0.005525636036158898,5.455307262569832,3.935754189944134,-0.09530588491704794,0.02922114051092559,-0.011161874999693231,0.01092932264710696,0.0003274660308512086,-0.011019142411273138,0.022930156757416796,-0.008229881373253804,Minor
10102,SongA,ArtistA,AlbumY,Pop,2021,English,254,42,No,0.03745117541974211,5.370030581039756,3.9571865443425076,0.011283356784124406,-0.029820808317663334,0.10091583743630256,-0.010888831015606336,-0.05472812000798603,-0.05080902657033899,-0.005839106708609641,0.06693101607617818,Major
10103,SongB,ArtistA,AlbumZ,Rock,2020,German,342,64,No,-0.018655161507292073,5.56140350877193,3.9415204678362574,0.009952086707891073,0.04913696429241353,-0.05683851694755275,0.05973283979008302,-0.01689846200835666,-0.02130968459601011,-0.07128572817227039,-0.008906037888657313,Major
10104,SongC,ArtistA,AlbumZ,Rock,2022,Hindi,200,53,No,-0.0628659934631728,5.090410958904109,3.936986301369863,-0.04788579437621628,-0.024327193633096315,-0.020355879358250794,0.012605467052642587,-0.018230226515150022,-0.03465303196959288,-0.031434216792763335,0.0739809753541258,Major
10105,SongA,ArtistB,AlbumY,Pop,2022,German,168,52,No,-0.057188024942968915,5.573065902578796,3.9656160458452723,0.07652327214062338,0.016595612288200445,0.030235965943096604,0.023914137571705494,-0.03661148870007802,0.04180256630944529,0.0020061738047591074,-0.033068330112017714,Major
10106,SongC,ArtistB,AlbumY,Rock,2018,English,235,99,No,0.020114059072884098,5.128491620111732,3.958100558659218,0.07951250360507307,0.05486345554661116,-0.08235001941684232,0.012818951090624978,-0.0831302797530476,0.008852001509376175,-0.026991047584853135,-0.06786652781819896,Major
10107,SongB,ArtistB,AlbumY,Pop,2023,English,147,94,No,-0.062315600285577616,5.367052023121388,3.96242774566474,-0.041753721845754724,0.11974118478919317,0.07124563584256673,-0.011657386269682324,0.04568460073831846,-0.012620433458976198,0.06980954172865383,0.04972072386183423,Major
10108,SongA,ArtistA,AlbumY,Rock,2021,English,161,34,No,-0.12539968891552677,5.558441558441558,3.935064935064935,-0.023084881671000756,0.10733033118825158,-0.04786356778983782,-0.10038561694493214,-0.05284641697836894,-0.006857782317645805,0.015221630278620779,0.02054732450903243,Major
10109,SongD,ArtistA,AlbumY,Rock,2020,English,173,35,No,-0.054027066884024366,5.34375,3.9829545454545454,0.010398602344513846,0.018427453295485532,-0.05780540343372354,-0.01554134985594516,0.03747621373408631,-0.030370611663814193,-0.026745808111870394,0.05399523049449528,Major
10110,SongA,ArtistA,AlbumZ,Rock,2023,English,204,44,No,0.006784239072578682,5.716666666666667,4.002777777777778,-0.048580882966966686,0.0667976760563305,-0.0019315436959926257,0.03599695320610957,-0.058285233645608336,-0.06245124314647178,-0.020948106935804952,0.010119026716122668,Major
10111,SongC,ArtistA,AlbumY,Rock,2023,English,250,39,No,-0.014687459830832056,5.357558139534884,3.9127906976744184,-0.021384445216186043,0.06952650192748276,0.03286829301736052,0.04863718044011717,-0.067663400113247,0.06656038195657338,0.007982885957655447,0.03975160194122311,Major
10112,SongD,ArtistA,AlbumY,Rock,2014,German,108,74,No,0.010962623949383334,5.427480916030534,3.94910941475827,0.028666412630048998,-0.08860359069796424,0.046485985177688184,-0.013154343193613336,0.013749130191456667,-0.11259783469067679,-0.05547306004443589,0.007535067486535494,Major
10113,SongC,ArtistA,AlbumY,Classical,2022,English,193,13,No,-0.0850900820626894,5.806539509536785,3.9291553133514987,-0.07283484837284385,0.03566146930528166,0.09976584079883749,-0.009363177154724315,-0.007491086957514604,0.11506712243334583,-0.043099315603932244,0.08589326761580302,Major
10114,SongC,ArtistB,AlbumZ,Pop,2022,English,210,94,No,0.010663721359291185,5.4476744186046515,3.9622093023255816,0.039302432498000354,0.06466276323233494,-0.01279188210637555,0.009301233317352315,-0.075463807856075,-0.003873347551800681,-0.01549267275893042,-0.03691277938057826,Major
10115,SongD,ArtistA,AlbumY,Pop,2023,English,308,35,Yes,0.016624878142745214,5.140243902439025,3.9695121951219514,0.017497704503195207,0.001578494145908976,-0.16281862471377515,-0.0580145747565354,0.0829758261499355,-0.017681462452007083,0.09123278753243486,-0.019473747406359224,Major
10116,SongA,ArtistC,AlbumX,Pop,2012,English,250,66,No,0.05341855014766686,5.413333333333333,3.98,0.03817074234428649,-0.07051638250531414,-0.1114799157935437,0.03592990808208566,-0.045711767565086596,0.15120638537459044,0.0037592867180491663,0.08926149719480407,Major
10117,SongC,ArtistA,AlbumX,Pop,2022,Hindi,176,85,No,0.002286502169314559,5.6807909604519775,3.943502824858757,-0.027794333632196376,-0.03906650647049232,0.060190786411600576,0.013827982207236364,0.08358680031266737,-0.12837455225853914,0.08382404376786778,0.02639075690274327,Major
10118,SongD,ArtistA,AlbumX,Jazz,2022,Spanish,175,82,No,-0.06356192320856997,5.590643274853801,3.9649122807017543,-0.03397409004560085,0.050376323859083555,-0.0583903841914317,0.0326442428157004,-0.053104927067834894,0.051157477566359716,-0.029427405914627516,0.031854679201167864,Major
10119,SongA,ArtistB,AlbumZ,Pop,2019,Hindi,241,44,Yes,-0.005694006486876352,4.964179104477612,3.991044776119403,-0.0019876826862150762,0.07148228407917838,0.05006114667291493,0.031763435016381444,-0.0796691530869675,0.026394484901623754,0.10513734538155863,-0.0027643106499903687,Major
10120,SongB,ArtistA,AlbumY,EDM,2017,English,145,74,No,-0.08059214087361513,5.517543859649122,3.956140350877193,0.13905917032478057,-0.03568731189873575,0.05463693766763516,8.445528892615575e-05,-0.011409756562551835,0.03517234943957936,-0.0044549618101916875,-0.07341807039473855,Minor
10121,SongB,ArtistA,AlbumX,Rock,2015,Spanish,205,74,No,-0.011641103798256882,5.502857142857143,3.9257142857142857,-0.08499922468989253,-0.03807597542097252,-0.10751856998182704,0.015538906890438162,0.05867734433767408,0.032341558295322245,-0.07710690838316603,0.0756512273703874,Major
10122,SongA,ArtistA,AlbumX,Pop,2021,Hindi,276,96,No,-0.026017656383740956,5.286458333333333,3.9296875,-0.015193091602942887,-0.0062047179683881425,0.03787814924614343,0.06624766519219086,0.014640107526024163,-0.05822948815731958,-0.15528676715593204,-0.06116408638721827,Minor
10123,SongD,ArtistB,AlbumY,EDM,2016,Hindi,153,86,No,0.011381995503089742,5.747093023255814,3.988372093023256,0.10101438578903042,-0.045733767235047004,-0.01763272131639254,-0.009866349059190198,0.14082505597274594,-0.0076612336389748625,0.11981133169604824,-0.01366777584291982,Minor
10124,SongB,ArtistA,AlbumZ,EDM,2024,English,145,0,No,0.01685004945198451,5.474777448071217,3.919881305637982,-0.010223150977058105,-0.028637816818701846,0.029646842249912497,-0.0663748511959066,0.022851223655766112,-0.10160638971990697,-0.03266202192767013,0.004487305058096027,Major
10125,SongD,ArtistA,AlbumZ,Rock,2023,English,204,51,No,0.09193989603246075,5.630057803468208,3.9190751445086707,0.04835057410115015,-0.08596850005405322,-0.03658209949853907,-0.049476296426876704,0.09156270703768289,0.03211699366846444,0.0698063916151327,0.0625711382659559,Minor
10126,SongC,ArtistA,AlbumY,Pop,2022,English,181,36,No,-0.06400555220309535,5.468208092485549,3.9508670520231215,0.0763111687713071,-0.1030640106077799,0.029824249438503876,-0.025143408273862206,-0.04575489248646283,0.07784335007233639,-0.09289119488966142,0.03334674418219385,Major
10127,SongC,ArtistA,AlbumX,Pop,2018,English,174,77,No,0.03244165120717505,5.534883720930233,3.941860465116279,-0.09440829735497312,-0.08255496949148378,0.0694466273882708,-0.031042524741170807,-0.029532261530058116,-0.02324302601068727,-0.021781587772261274,0.07843150405975391,Major
10128,SongB,ArtistA,AlbumY,EDM,2020,English,186,95,No,-0.030004796472068242,5.5422343324250685,3.9427792915531334,0.006072378578995912,0.01189204694063347,-0.004957829079899407,0.048941760429856866,-0.010004187485566791,-0.05283305851150082,-0.05944143342911548,-0.004747373995364407,Minor
10129,SongB,ArtistA,AlbumY,Jazz,2016,English,103,66,No,0.054559379839338666,5.697947214076247,3.941348973607038,-0.032383187914089125,0.051443766148318554,-0.022403229618588535,0.08430746839522872,-0.02280712892348136,0.023937369943009927,0.0024057492060845977,-0.07411176312264844,Major
10130,SongA,ArtistA,AlbumZ,EDM,2017,Spanish,247,28,Yes,-0.061424294441894664,5.571428571428571,3.94,0.05023353505766115,0.04281313361414145,-0.05096401584904406,0.021304456380471865,0.07276888834474211,0.035304507004779884,0.06585176796245902,0.03481963054160216,Major
10131,SongA,ArtistA,AlbumY,Pop,2020,English,230,77,No,0.07514176307227527,5.506887052341598,3.9366391184573004,-0.14181665106560948,0.018193443480319406,-0.010280147823601194,-0.1231275675879002,-0.01920912587616027,-0.008480303803280539,-0.03561242275722042,0.08482445577580686,Major
10132,SongD,ArtistA,AlbumY,Rock,2013,English,209,72,No,0.03194175363816418,5.237430167597766,3.988826815642458,-0.02357633904714099,-0.02519571739158053,-0.0017803830276751002,-0.0457093710971851,0.021402615222667457,-0.10740439571071846,-0.07620431326153153,-0.03935150611492849,Major
10133,SongD,ArtistB,AlbumX,Pop,2015,English,165,90,No,0.03666740230203922,5.397626112759644,3.970326409495549,0.0558895140829398,-0.023011524724260726,-0.06531964066949723,0.10148992135220457,0.1262980692419591,0.0010155604711528014,-0.0826755689906185,-0.03621322838645521,Major
10134,SongB,ArtistB,AlbumX,Pop,2020,English,212,55,No,0.08139195957722684,5.574074074074074,3.9444444444444446,-0.0044022233323821455,-0.022276386525990566,-0.03966042554806718,0.032257879936468316,-0.014469393463053072,-0.1379539011044963,0.007950795465692788,0.07114848159971056,Major
10135,SongA,ArtistA,AlbumY,Pop,2023,English,210,82,No,0.019781723651543816,5.382445141065831,3.9435736677115987,0.07407934823645339,-0.03341545892718458,-0.018968815704254845,0.03665226183366614,0.05943494315809598,-0.08252040314038862,0.0836525993230225,-0.04115542509975683,Major
10136,SongA,ArtistA,AlbumZ,EDM,2020,English,151,31,No,0.013202817951029686,5.117478510028653,3.9484240687679084,0.031219984919800835,0.028617784741151692,0.05270882901356437,-0.05977107343654713,-0.02625724976122264,-0.026012612540614412,0.011195272456438605,0.008310206200998108,Major
10137,SongA,ArtistA,AlbumY,Pop,2021,English,200,19,No,0.002518826989791437,5.408963585434174,3.9495798319327733,-0.1009851410118278,-0.008318611153191106,0.02322077705533635,-0.06645544853534525,-0.07809196756885879,-0.0393094383434523,0.03260045363159471,0.045464956685220846,Major
10138,SongA,ArtistA,AlbumY,Pop,2018,English,290,77,No,0.06810178206408464,5.5497512437810945,3.927860696517413,-0.056641352093312794,0.0010599531473735272,-0.0056412726049970205,-0.07777355647156534,0.013371964034866382,0.009862582762739576,-0.06044201378487318,-0.05266904453771821,Major
10139,SongC,ArtistA,AlbumY,Rock,2018,English,317,48,No,-0.006389166053784939,5.604838709677419,3.946236559139785,-0.012795799119789286,0.15900206917290025,0.027008117360462023,-0.05248819455111453,0.050402325523989586,0.04780291175646489,0.017363389950228417,-0.05536707325841328,Major
10140,SongC,ArtistA,AlbumY,Pop,2010,English,277,29,No,-0.037503464309766255,5.673295454545454,3.9573863636363638,-0.0623752771176721,-0.01741386795256347,0.041019870885311845,0.06283495023641067,-0.0013195309127556406,0.07237901529395692,-0.09063800600551675,0.03054947108428193,Major
10141,SongB,ArtistA,AlbumZ,Rock,2023,English,177,12,No,-0.02779106289261365,5.531855955678671,3.936288088642659,0.029617848912979097,0.1263264208453719,-0.03949308610220215,-0.04553093755514563,-0.046095476354403496,0.022719641643732986,0.035039126335783106,-0.08499224985058354,Major
10142,SongB,ArtistB,AlbumY,Pop,2019,English,218,28,No,0.00126642468120728,5.502923976608187,3.9649122807017543,-0.021384632659488752,0.027430299337737926,-0.05595813780802515,-0.031794182594436185,-0.03717370649672053,0.01582951895557236,-0.01701220604353424,-0.003130390103082837,Major
10143,SongD,ArtistA,AlbumX,Pop,2023,Spanish,254,79,No,-0.03536316539938537,5.79539641943734,3.9335038363171355,0.05883080365828925,-0.015658879876791935,-0.010603457538541616,0.07146381253480347,0.03580835664661372,0.01573662776540296,-0.006302845781800496,-0.06503785838442805,Major
10144,SongB,ArtistB,AlbumY,Pop,2017,English,82,2,No,-0.07862670785227256,5.438438438438438,3.921921921921922,-0.12531300993265643,-0.01878378633741595,-0.01435584331863693,-0.013237110364257449,0.006318506034705268,-0.012617091747814191,0.10131046360570911,0.04464067554629365,Major
10145,SongB,ArtistC,AlbumY,Pop,2024,English,276,81,No,0.07375778470886092,5.421052631578948,3.9298245614035086,-0.048386797916214995,-0.016448905788226168,-0.03406996657135708,-0.029006164932161616,-0.006990808629584781,-0.040880175904765406,0.00966421905679617,0.06877838404060194,Minor
10146,SongA,ArtistB,AlbumZ,Jazz,2016,English,184,29,No,-0.0028330808027903966,5.241176470588235,3.9382352941176473,-0.006766943570305252,-0.06048337363236144,-0.008192162845429035,-0.00321090274503966,0.06925104901928882,0.03550008412839486,-0.08738758610542068,-0.003416638754698964,Major
10147,SongA,ArtistA,AlbumZ,Pop,2018,Spanish,173,39,No,-0.032609324571748505,5.604519774011299,3.940677966101695,0.17283277979456654,-0.031280807712933414,0.011871582565612923,0.0501798245594318,-0.00549280911293017,-0.032821733472181425,0.022006364757871752,-0.06660706969352392,Major
10148,SongA,ArtistB,AlbumX,Pop,2022,Hindi,153,42,No,0.11604009452447812,5.350828729281768,3.903314917127072,0.06777839555930903,0.0034418948130027368,-0.03480095612329243,0.0007428782551816571,-0.03413211280774294,0.03681456362853446,-0.07245578702015999,0.06855922902643047,Major
10149,SongC,ArtistA,AlbumX,Pop,2021,English,193,87,No,0.044850874574557435,5.320809248554913,3.96242774566474,-0.006327875195404591,-0.022938572853792482,-0.023489633230614045,0.06970558100633806,0.003879604302991823,-0.07204879727027597,0.053653388194096575,-0.06315590763153608,Minor
10150,SongA,ArtistA,AlbumZ,Pop,2017,English,185,43,Yes,-0.0029065922507943496,5.6371681415929205,3.9557522123893807,0.11174969312955227,-0.04857556758354896,-0.00830167947830235,-0.022409721023899955,-0.02251505351843984,0.001606305120172292,0.0033943910397237114,-0.013330991160261688,Major
10151,SongB,ArtistB,AlbumZ,EDM,2012,German,312,3,No,0.12558759390230403,5.691011235955056,3.938202247191011,0.034400192486856426,-0.05392891178401344,-0.0012399825041535595,-0.030970863632259267,-0.07131458334348162,0.035611543488824546,0.07400163308272194,0.01638995003785236,Minor
10152,SongA,ArtistC,AlbumX,Pop,2014,Spanish,186,60,Yes,0.06993453266307588,5.530434782608696,3.9391304347826086,0.03528769511034796,-0.04330507151102178,0.04831087924585144,-0.1061323947734884,-0.023844692060879934,-0.09499241246350594,-0.014995064137944134,0.035040615146348514,Major
10153,SongB,ArtistC,AlbumY,Jazz,2018,Spanish,205,87,No,0.034551890208409895,5.594736842105263,3.986842105263158,-0.0587269514089934,0.03350985772011828,0.06371159912629518,-0.006095345137657214,-0.06557713606736845,-0.01834386679648353,-0.044676414652784206,0.048678929009825,Minor
10154,SongB,ArtistA,AlbumZ,Pop,2022,Spanish,317,0,No,-0.10192914091624106,5.706948640483383,3.9425981873111784,-0.11106184536618466,-0.03539049236161713,0.036683009656831043,0.01038833653281053,0.04728749854384574,-0.06416733364780722,-0.07188674633585936,-0.019952317138970777,Major
10155,SongB,ArtistB,AlbumX,Classical,2017,English,219,14,No,-0.04151301515762913,5.414084507042253,3.952112676056338,0.06651846073171146,0.06448687770678511,-0.0881977719123973,0.008686130347944843,0.05431732974592731,-0.0597119612886828,-0.06805530927746217,-0.12424005105875144,Major
10156,SongC,ArtistC,AlbumY,Pop,2020,English,281,85,No,0.01551833203966263,5.321621621621621,3.9324324324324325,0.09595288073050713,-0.03943410527032793,0.0478132953278125,0.06257995020865882,-0.06532420129553299,-0.033634945381632246,0.029611766745852655,-0.039382784250346956,Major
10157,SongA,ArtistA,AlbumZ,Pop,2019,Spanish,292,64,No,-0.05650430305537933,5.3467492260061915,3.934984520123839,0.029674178440796374,-0.02087340809469945,-0.02784613778255125,0.050694317056559794,0.07270500519725696,0.022110243647483197,-0.020746395630703143,0.09211294420320983,Major
10158,SongD,ArtistA,AlbumX,Pop,2015,Spanish,259,82,No,-0.06691350679386295,5.404984423676012,3.965732087227414,0.025361143822495984,-0.022501797984622235,-0.0008387881152469703,-0.012253332539379148,-0.012000005874623378,0.04763769522586361,0.08894160171335472,-0.09026024386632353,Major
10159,SongD,ArtistA,AlbumX,Pop,2024,English,139,62,No,-0.028533535629153714,5.45945945945946,3.945945945945946,0.005971594230412437,-0.03467085529488488,-0.016493440323493272,0.056093425812318375,0.027061533313417156,-0.06729482413838093,-0.002199467190941134,0.011945433856502222,Major
10160,SongD,ArtistA,AlbumY,Pop,2019,English,154,14,No,0.07068527119836412,5.475138121546961,3.911602209944751,0.0016160501334155151,-0.05284025883155131,0.016817810328082813,0.008354964932950248,0.02365718173526454,-0.04810226809298534,-0.033929954476421616,0.08381243672930579,Major
10161,SongA,ArtistA,AlbumX,Rock,2011,English,208,12,No,-0.02288624502408589,5.988571428571428,3.94,-0.05705958629739522,-0.05775648514483721,-0.03724330789266612,0.01610078948376353,-0.008478561495003945,0.01737398097878401,0.031125768349869593,0.028417874619289664,Major
10162,SongA,ArtistC,AlbumZ,EDM,2023,Spanish,188,76,No,0.06539301182020432,5.215425531914893,3.925531914893617,0.04158292528814879,-0.017727339132011903,0.04837431363267885,0.03102021670028561,-0.00800969321491414,-0.017586547487417923,-0.046995767661637475,0.051030273594800495,Major
10163,SongD,ArtistB,AlbumX,Jazz,2024,German,166,96,Yes,-0.00977663309402663,5.524216524216524,3.9515669515669516,0.06212444949056576,0.045223508977634365,0.06625456946812888,-0.06784594487974627,0.0010058284259594856,0.05774937720282431,0.06366916063558414,0.04119247679963557,Major
10164,SongA,ArtistB,AlbumZ,EDM,2021,English,140,68,No,-0.045285081673016314,5.420911528150134,3.959785522788204,-0.007916362614741278,-0.05744816388786638,0.06482329200749833,-0.023880197557533164,-0.0022935221931669413,0.091582571933321,0.0712660210953741,0.035040151827749874,Major
10165,SongA,ArtistA,AlbumX,Pop,2019,English,169,30,No,0.03803301850820771,5.886567164179104,3.9402985074626864,0.07480564832700105,-0.08368802795796847,0.006559337446144245,0.009557297631876772,-0.05935903480791028,-0.029465814853290286,0.036631767421938737,-0.07327868898548726,Major
10166,SongC,ArtistA,AlbumZ,Pop,2021,English,216,92,No,0.02253886917795453,5.4502762430939224,3.9640883977900554,0.037416586017959344,0.020231625004889238,-0.09054960385102373,0.08522865772135572,0.026635313447773035,-0.06127487717882559,-0.01959077419473192,0.08039221990863944,Minor
10167,SongC,ArtistA,AlbumX,Pop,2014,Spanish,188,53,No,0.01855361843517716,5.666666666666667,3.9602446483180427,0.040338240062899725,-0.002317649871754795,0.04876750788048055,-0.11544387111198037,-0.013586214745576336,-0.03261751561564247,-0.005407520376869096,0.061557684169778554,Major
10168,SongC,ArtistA,AlbumZ,Pop,2013,Spanish,184,17,No,0.007449734961803941,5.3617647058823525,3.9441176470588237,-0.038738386736479946,0.07412206159284072,0.043891481337444485,0.04032283340383215,-0.07093693490097946,-0.02064395428669536,0.09619911257341204,0.025897813923640232,Major
10169,SongB,ArtistB,AlbumZ,Jazz,2017,English,112,16,No,0.006147877660547601,5.695652173913044,3.9592391304347827,-0.03482443282483574,0.06652606422903166,0.022059402928720093,-0.02169561576015861,-0.0029222775080569585,-0.03571047081965502,-0.10547393155278673,0.05805420514388954,Minor
10170,SongC,ArtistB,AlbumY,Pop,2023,Hindi,224,58,No,0.0009256110352359537,5.365269461077844,3.9550898203592815,-0.07637502819140342,0.009066657446252346,-0.014372944137826225,0.013616202561735909,-0.03443644121346444,-0.00019676736182653703,0.053832914934747886,0.05934647919059063,Major
10171,SongC,ArtistB,AlbumZ,Pop,2017,Spanish,250,15,Yes,-0.07106584965027091,5.5905292479108635,3.9275766016713094,-0.03550728617898318,-0.1195291480227962,-0.05265301419655992,0.06148745079411606,0.049909818376270176,-0.056735773323664175,0.0892111231914931,-0.019757168391562135,Major
10172,SongA,ArtistA,AlbumX,Pop,2010,English,124,61,No,0.06402749221972892,5.379213483146067,3.952247191011236,0.03572053362333472,0.043281874752781155,0.009306822555938933,-0.013448624747797344,-0.04451924818581041,0.08246373415288813,-0.0315707721029412,-0.03499918623804217,Minor
10173,SongD,ArtistA,AlbumZ,Pop,2019,English,116,12,No,0.04709587898915744,5.531609195402299,3.9597701149425286,-0.043070572143469495,0.004048125093904395,-0.007484735056085463,0.026444232966036377,0.006163327213684411,-0.06370046555470327,-0.023423079330717723,0.0970074395166879,Major
10174,SongA,ArtistB,AlbumX,Rock,2020,Spanish,162,48,No,0.05564707741578936,5.546511627906977,3.936046511627907,0.00365914644721703,0.008522582227405824,-0.043844863222696005,0.056649181302966235,-0.0024404475228675003,-0.05553663175944787,0.03557478059111928,0.00676709878668936,Minor
10175,SongD,ArtistA,AlbumX,Jazz,2010,Spanish,266,24,No,-0.000675044083257292,5.707100591715976,3.9911242603550297,0.08648298496858658,0.0215770009818204,-0.012968456802827832,0.0012168289930998013,-0.03881719468620719,0.12579911966459292,-0.024275876843249732,-0.14973822298518563,Major
10176,SongB,ArtistA,AlbumZ,EDM,2012,Spanish,248,2,No,-0.09862322789669718,5.399339933993399,3.957095709570957,0.10163464462548437,0.030740972994239883,-0.011912808263561005,-0.12186171755023908,-0.002972188083658493,0.013258503625730715,-0.0077568411586464705,0.07548310187720023,Major
10177,SongC,ArtistA,AlbumZ,Pop,2020,English,251,55,No,-0.05184862624280435,5.265193370165746,3.955801104972376,-0.03253590735087623,-0.014331042721098128,0.01140485038302847,0.1074585534620968,0.08163449229013081,-0.018532750886448277,-0.11455933483477355,0.032339182280284935,Major
10178,SongB,ArtistB,AlbumY,Pop,2020,English,193,73,No,-0.0063403787652630845,5.614906832298137,3.9440993788819876,0.00433454989579339,0.006973521300792165,0.13193500555217802,0.1257472600776578,-0.009540921922563238,0.020108663191639432,0.0057835910326201655,-0.11498322762284575,Minor
10179,SongD,ArtistA,AlbumZ,Pop,2012,German,214,72,No,-0.005799449447338744,5.706199460916442,3.954177897574124,0.040978933898354455,-0.06464323928090637,-0.012089126478804054,0.06441039402241008,-0.034192750175364474,0.013297769346170527,-0.020560071379635336,0.13226710718294404,Minor
10180,SongB,ArtistA,AlbumX,Jazz,2023,English,229,87,No,-0.027222569256443643,5.336111111111111,3.9583333333333335,0.03132191812621974,-0.010464189661236209,-0.024470181048386476,-0.0766872490213294,-0.06490432907533203,-0.02268559517632229,0.0257607680362456,0.018264762000933205,Major
10181,SongB,ArtistA,AlbumY,Pop,2019,Spanish,154,14,No,0.04500304625855792,5.628398791540786,3.918429003021148,-0.006897610028110054,-0.012567119170689619,0.02740997022060897,-0.08060536398778934,0.09678981298344372,-0.028580334489046025,-0.07504098091109862,-0.000738370542438034,Major
10182,SongC,ArtistA,AlbumX,Rock,2023,Spanish,254,19,No,0.004044954101217447,5.191977077363897,3.9255014326647566,0.009456761212607346,0.06960638435812344,-0.04390050336377815,0.00046100982347449504,0.03504618228562469,0.05454547354965231,-0.093752695221329,0.0070327535245943,Major
10183,SongC,ArtistA,AlbumY,Pop,2021,English,211,78,No,0.012404093252564752,5.466101694915254,3.980225988700565,-0.03920642515642179,-0.008258286509518828,0.13105442161399533,0.050132513831504424,-0.05751067964250499,-0.14544015103674235,-0.01672990964110677,0.037140737573016426,Major
10184,SongD,ArtistA,AlbumZ,Pop,2020,English,188,27,No,0.052747985999935736,5.675925925925926,3.95679012345679,-0.1616750780749179,0.05577966223593037,-0.07443650396200117,0.019865535984560003,-0.07815981874128064,-0.011098458058682275,-0.08855760785230742,-0.024550004514057356,Major
10185,SongA,ArtistB,AlbumZ,Rock,2012,Spanish,158,81,No,0.007004150543744148,5.400602409638554,3.9548192771084336,-0.043378414395913695,0.060053731394241146,0.04184502273446576,0.055731058054317655,0.07548180640255557,-0.041394849806857606,-0.04730579320478973,-0.028955377466099996,Minor
10186,SongC,ArtistA,AlbumY,Rock,2024,Spanish,164,18,Yes,0.09729200366431871,5.792397660818714,3.9678362573099415,-0.02585203657092822,-0.041478429126058244,-0.008497210501769886,-0.026935632166679747,-0.0298421163664509,0.06718206848983715,0.013641497947387848,-0.026925790253995174,Major
10187,SongB,ArtistA,AlbumZ,Pop,2021,Hindi,261,92,No,-0.06417618226962017,5.5,3.966867469879518,-0.09930499907889419,-0.008475420396437179,0.023849274096414536,0.008635111669336145,0.025054916754329585,0.07887979180555046,0.053458573406381125,-0.004680668921422448,Major
10188,SongA,ArtistA,AlbumY,Pop,2023,German,211,48,No,0.036189494453646456,5.45272206303725,3.9369627507163325,-0.08960529055324219,-0.041652376590071455,0.005587527635975622,-0.03976400191248086,0.038304815125686384,-0.021654838705815655,0.04400807431873841,-0.1668027246987175,Major
10189,SongB,ArtistA,AlbumY,Rock,2020,English,301,79,No,-0.07563570087046062,5.4624624624624625,3.93993993993994,0.010669755721757204,-0.09444152016337667,0.11658490699560059,0.004712073697602479,-0.11920422676823567,-0.05405814947800785,-0.012507762640469421,-0.13328764538414695,Major
10190,SongD,ArtistA,AlbumY,Pop,2010,English,109,89,No,0.06804377338319713,5.521978021978022,3.9725274725274726,-0.003564068084445693,-0.12949283950540752,0.0319742583249094,-0.09236922887337354,0.004022473108785043,-0.05416802558945807,0.00667454354716089,-0.06403206967209465,Major
10191,SongA,ArtistA,AlbumZ,Rock,2021,English,234,98,Yes,-0.02733105058691295,5.431372549019608,3.9971988795518207,-0.026475021533722207,-0.018670248164702363,0.06045495170584501,-0.050668818515708924,-0.00271614261205219,0.11051652452913656,-0.028582581709157267,0.017929522196902952,Major
10192,SongA,ArtistA,AlbumY,Pop,2020,Spanish,211,62,Yes,-0.02805244171427242,5.356125356125356,3.9287749287749287,0.019291086461473726,0.04050453130911203,0.05591797869433702,0.02803990985049321,-0.015118102566011787,-0.043368868652721035,-0.10063374672417214,-0.06449980809343597,Major
10193,SongD,ArtistC,AlbumZ,Pop,2024,English,255,50,No,-0.018939887857352636,5.441666666666666,3.977777777777778,0.02572023379583934,0.0652204913449103,0.04862457663100396,-0.04640473783941678,-0.053478740961342176,-0.0263478606676583,0.05895764525935993,-0.027114832704831286,Major
10194,SongD,ArtistB,AlbumY,Pop,2022,English,108,12,Yes,0.03791250054137371,5.377976190476191,3.9404761904761907,0.022424753261458413,0.048020177653121755,0.031266362504454824,0.024014677153417756,-0.05660239731436622,0.09633857081080612,-0.017312612114386016,0.07187475507296658,Major
10195,SongC,ArtistA,AlbumZ,Pop,2020,Hindi,150,67,No,-0.025292354872735186,5.522346368715084,3.941340782122905,-0.05824983398483029,0.06295008296485527,0.02496340561997206,-0.008822158544800856,-0.041943776805946666,-0.016150760205348492,0.028902980267278448,0.10604679579174482,Major
10196,SongA,ArtistA,AlbumY,Pop,2018,English,296,29,No,-0.044435899661148665,5.4955489614243325,3.940652818991098,-0.020610071930128298,0.06354014058783318,-0.033518405302240144,0.05258772774660614,0.08735896629271994,0.08380783787467647,-0.005359759795189363,0.06706706205085146,Major
10197,SongB,ArtistA,AlbumZ,Pop,2016,English,232,58,No,-0.07478750638695106,5.758713136729223,3.9839142091152815,0.007054260037166119,0.025356461804635636,0.04078444060212595,-0.03310356955913126,-0.01712202586158598,-0.013238521447748163,-0.011192797998843422,-0.09853288364924279,Major
10198,SongC,ArtistA,AlbumX,Rock,2014,Hindi,169,52,Yes,0.03741453095844319,5.5257452574525745,3.967479674796748,-0.06236484845417471,0.03487484335151743,-0.046823299852661975,0.039296266507528335,-0.016184835316147537,0.003460344319686034,-0.07277908065366592,-0.1021938259140003,Major
10199,SongB,ArtistA,AlbumX,Pop,2022,English,245,11,No,0.11404249287796207,5.591836734693878,3.944606413994169,0.09112474996476665,-0.026061795901271827,-0.031829367462393766,-0.046153496585046014,0.08712267866194555,0.09450558933145631,0.036064659096479865,-0.1309198543207247,Major
